id,code,name,brand,query,google_images
"r0002","48V 1.25 A POWER SUPPLY","48V 1.25 A POWER SUPPLY","","48V 1.25 A POWER SUPPLY","https://www.google.com/search?tbm=isch&q=48V%201.25%20A%20POWER%20SUPPLY"
"r0019","AJAX Batterie - CR123A","AJAX Batterie CR123A 3V","Ajax Systems","Ajax Systems AJAX Batterie - CR123A","https://www.google.com/search?tbm=isch&q=Ajax%20Systems%20AJAX%20Batterie%20-%20CR123A"
"r0032","DoorBell","AJAX DoorBellGraphite","Ajax Systems","Ajax Systems DoorBell","https://www.google.com/search?tbm=isch&q=Ajax%20Systems%20DoorBell"
"r0033","-","AJAX LifeQuality Jeweller","Ajax Systems","Ajax Systems AJAX LifeQuality Jeweller","https://www.google.com/search?tbm=isch&q=Ajax%20Systems%20AJAX%20LifeQuality%20Jeweller"
"r0039","AJAX SPACECONTROL WHITE","AJAX Télécommande Blanche","Ajax Systems","Ajax Systems AJAX SPACECONTROL WHITE","https://www.google.com/search?tbm=isch&q=Ajax%20Systems%20AJAX%20SPACECONTROL%20WHITE"
"r0054","AMO-2G13","Antenne Omni UBIQUITI 2.0 Ghz 13 DBI AMO-2G","Ubiquiti","Ubiquiti AMO-2G13","https://www.google.com/search?tbm=isch&q=Ubiquiti%20AMO-2G13"
"r0060","Alimentation 12V/5A  4","Armoire d'alimentation 04 Sorties 12V/5A","","Alimentation 12V/5A  4","https://www.google.com/search?tbm=isch&q=Alimentation%2012V%2F5A%20%204"
"r0064","PFM340-5CH","Armoire d'alimentation Dahua 05 Sorties 12V","Dahua Technology","Dahua Technology PFM340-5CH","https://www.google.com/search?tbm=isch&q=Dahua%20Technology%20PFM340-5CH"
"r0065","PFM342-9CH","Armoire d'alimentation Dahua 09 Sorties 12V","Dahua Technology","Dahua Technology PFM342-9CH","https://www.google.com/search?tbm=isch&q=Dahua%20Technology%20PFM342-9CH"
"r0066","PFM341-9CH","Armoire d'alimentation Dahua 09 Sorties 12V","Dahua Technology","Dahua Technology PFM341-9CH","https://www.google.com/search?tbm=isch&q=Dahua%20Technology%20PFM341-9CH"
"r0072","Armoire de brassage 42U","Armoire de Brassage 42U","","Armoire de brassage 42U","https://www.google.com/search?tbm=isch&q=Armoire%20de%20brassage%2042U"
"r0132","Baterie Alarme","baterie recharjable alarme dahua","Dahua Technology","Dahua Technology Baterie Alarme","https://www.google.com/search?tbm=isch&q=Dahua%20Technology%20Baterie%20Alarme"
"r0138","DHI-HY-1200","BBG Adressable Dahua DHI-HY-1200","Dahua Technology","Dahua Technology DHI-HY-1200","https://www.google.com/search?tbm=isch&q=Dahua%20Technology%20DHI-HY-1200"
"r0161","DHI-HY-SGDZ","Boitier stroboscopique pour sondeur DHI-HY-","Dahua Technology","Dahua Technology DHI-HY-SGDZ","https://www.google.com/search?tbm=isch&q=Dahua%20Technology%20DHI-HY-SGDZ"
"r0176","DHI-HY-C121","Brise Glace (BBG)Dahua Conventionnel DHI-HY","Dahua Technology","Dahua Technology DHI-HY-C121","https://www.google.com/search?tbm=isch&q=Dahua%20Technology%20DHI-HY-C121"
"r0298","Camera Dahua DH-HAC-HFW","Camera Dahua HDCVI Bullet 5MP Fix Full Colo","Dahua Technology","Dahua Technology Camera Dahua DH-HAC-HFW","https://www.google.com/search?tbm=isch&q=Dahua%20Technology%20Camera%20Dahua%20DH-HAC-HFW"
"r0339","DH-IPC-HFW5541EP-ASE","Camera Dahua IP Bullet 5MP Fix 2.8mm WizMin","Dahua Technology","Dahua Technology DH-IPC-HFW5541EP-ASE","https://www.google.com/search?tbm=isch&q=Dahua%20Technology%20DH-IPC-HFW5541EP-ASE"
"r0347","DH-IPC-HFW2841TP-ZAS","Caméra Dahua IP Bullet 8MP Motorisé WizSens","Dahua Technology","Dahua Technology DH-IPC-HFW2841TP-ZAS","https://www.google.com/search?tbm=isch&q=Dahua%20Technology%20DH-IPC-HFW2841TP-ZAS"
"r0361","DH-IPC-HDBW2841RP-ZS","Camera Dahua IP Dome 8MP Motorisé WizSense","Dahua Technology","Dahua Technology DH-IPC-HDBW2841RP-ZS","https://www.google.com/search?tbm=isch&q=Dahua%20Technology%20DH-IPC-HDBW2841RP-ZS"
"r0401","DS-2CD3023G2-IU","Camera Hikvision Bullet IP 2MP Fix DS-2CD30","","DS-2CD3023G2-IU","https://www.google.com/search?tbm=isch&q=DS-2CD3023G2-IU"
"r0402","DS-2CD3123G2-IU","CAMERA HIKVISION DOME IP 2MP DS-2CD3123G2-I","","DS-2CD3123G2-IU","https://www.google.com/search?tbm=isch&q=DS-2CD3123G2-IU"
"r0448","PFB300C","Ceiling Mount Bracket PFB300C","","PFB300C","https://www.google.com/search?tbm=isch&q=PFB300C"
"r0471","KeyPad Outdoor","Clavier KeyPad Indoor-Outdoor","","KeyPad Outdoor","https://www.google.com/search?tbm=isch&q=KeyPad%20Outdoor"
"r0505","DHI-ECC02","Contrôleur d'accès Dahua pour Accesseurs EC","Dahua Technology","Dahua Technology DHI-ECC02","https://www.google.com/search?tbm=isch&q=Dahua%20Technology%20DHI-ECC02"
"r0531","CSP20","CSP20","","CSP20","https://www.google.com/search?tbm=isch&q=CSP20"
"r0532","AJAX CURTAIN-OUTDOOR-WH","Curtain Outdoor Jeweller ajax","Ajax Systems","Ajax Systems AJAX CURTAIN-OUTDOOR-WH","https://www.google.com/search?tbm=isch&q=Ajax%20Systems%20AJAX%20CURTAIN-OUTDOOR-WH"
"r0553","DHI-HY-C132","Detecteur de chaleur Dahua conventionnel DH","Dahua Technology","Dahua Technology DHI-HY-C132","https://www.google.com/search?tbm=isch&q=Dahua%20Technology%20DHI-HY-C132"
"r0554","DHI-HY-SA30A","Détecteur de fumée autonome DHI-HY-SA30A","Dahua Technology","Dahua Technology DHI-HY-SA30A","https://www.google.com/search?tbm=isch&q=Dahua%20Technology%20DHI-HY-SA30A"
"r0555","DHI-HY-C133","Detecteur de fumée conventionnel Dahua 04-W","Dahua Technology","Dahua Technology DHI-HY-C133","https://www.google.com/search?tbm=isch&q=Dahua%20Technology%20DHI-HY-C133"
"r0557","DHI-HY-1301","Détecteur de fumée Dahua Adressable DHI-HY-","Dahua Technology","Dahua Technology DHI-HY-1301","https://www.google.com/search?tbm=isch&q=Dahua%20Technology%20DHI-HY-1301"
"r0558","DHI-HY-C131","Detecteur de fumée Dahua conventionnel 02-W","Dahua Technology","Dahua Technology DHI-HY-C131","https://www.google.com/search?tbm=isch&q=Dahua%20Technology%20DHI-HY-C131"
"r0567","MotionCam Outdoor HighM","Détecteur de mouvement extérieur Ajax Motio","Ajax Systems","Ajax Systems MotionCam Outdoor HighM","https://www.google.com/search?tbm=isch&q=Ajax%20Systems%20MotionCam%20Outdoor%20HighM"
"r0578","DHI-HY-TCDZ","Detector Base Adressable DHI-HY-TCDZ","Dahua Technology","Dahua Technology DHI-HY-TCDZ","https://www.google.com/search?tbm=isch&q=Dahua%20Technology%20DHI-HY-TCDZ"
"r0595","DHI-HY-GC20B","DHI-HY-GC20B","Dahua Technology","Dahua Technology DHI-HY-GC20B","https://www.google.com/search?tbm=isch&q=Dahua%20Technology%20DHI-HY-GC20B"
"r0596","DHI-HY-GC20B-R8","DHI-HY-GC20B-R8","Dahua Technology","Dahua Technology DHI-HY-GC20B-R8","https://www.google.com/search?tbm=isch&q=Dahua%20Technology%20DHI-HY-GC20B-R8"
"r0597","DHI-HY-SA20A","DHI-HY-SA20A","Dahua Technology","Dahua Technology DHI-HY-SA20A","https://www.google.com/search?tbm=isch&q=Dahua%20Technology%20DHI-HY-SA20A"
"r0598","DHI-HY-SA2FA","DHI-HY-SA2FA","Dahua Technology","Dahua Technology DHI-HY-SA2FA","https://www.google.com/search?tbm=isch&q=Dahua%20Technology%20DHI-HY-SA2FA"
"r0599","DHI-HY-SA30A-R8","DHI-HY-SA30A-R8","Dahua Technology","Dahua Technology DHI-HY-SA30A-R8","https://www.google.com/search?tbm=isch&q=Dahua%20Technology%20DHI-HY-SA30A-R8"
"r0600","DHI-HY-TCDZ4","DHI-HY-TCDZ4","Dahua Technology","Dahua Technology DHI-HY-TCDZ4","https://www.google.com/search?tbm=isch&q=Dahua%20Technology%20DHI-HY-TCDZ4"
"r0636","HDD 4TB Seagate","Disque Dur 4TB Seagate SKYHAWK","Seagate","Seagate HDD 4TB Seagate","https://www.google.com/search?tbm=isch&q=Seagate%20HDD%204TB%20Seagate"
"r0640","HDD 6TB Seagate skyhawk","Disque Dur 6TB Seagate SKYHAWK","Seagate","Seagate HDD 6TB Seagate skyhawk","https://www.google.com/search?tbm=isch&q=Seagate%20HDD%206TB%20Seagate%20skyhawk"
"r0642","8TBS-EXOS","Disque Dur 8TB Seagate EXOS","Seagate","Seagate 8TBS-EXOS","https://www.google.com/search?tbm=isch&q=Seagate%208TBS-EXOS"
"r0643","8TBSKAYHAWK","Disque Dur 8TB Seagate SkyHawk","Seagate","Seagate 8TBSKAYHAWK","https://www.google.com/search?tbm=isch&q=Seagate%208TBSKAYHAWK"
"r0647","Disque Dur Hewlett Pack","Disque Dur Hewlett Packard Entreprise 800GB","","Disque Dur Hewlett Pack","https://www.google.com/search?tbm=isch&q=Disque%20Dur%20Hewlett%20Pack"
"r0651","DHI-PKP-WP1B","Dongle Dahua de partage d'écran","Dahua Technology","Dahua Technology DHI-PKP-WP1B","https://www.google.com/search?tbm=isch&q=Dahua%20Technology%20DHI-PKP-WP1B"
"r0674","DHI-PHMIA135","Ecran Dahua LED 135'' All In One DHI-PHMIA1","Dahua Technology","Dahua Technology DHI-PHMIA135","https://www.google.com/search?tbm=isch&q=Dahua%20Technology%20DHI-PHMIA135"
"r0675","DHI-PHMIA 135-CC","Ecran Dahua LED 135'' All In One DHI-PHMIA","Dahua Technology","Dahua Technology DHI-PHMIA 135-CC","https://www.google.com/search?tbm=isch&q=Dahua%20Technology%20DHI-PHMIA%20135-CC"
"r0676","DHI-PHMIA 135-CF","Ecran Dahua LED 135'' All In One DHI-PHMIA","Dahua Technology","Dahua Technology DHI-PHMIA 135-CF","https://www.google.com/search?tbm=isch&q=Dahua%20Technology%20DHI-PHMIA%20135-CF"
"r0682","B8610","Ecran interactif Maxhub 86'' Blackboard Ser","MAXHUB","MAXHUB B8610","https://www.google.com/search?tbm=isch&q=MAXHUB%20B8610"
"r0683","U8630","Ecran interactif Maxhub 86''  U3 Series Edu","MAXHUB","MAXHUB U8630","https://www.google.com/search?tbm=isch&q=MAXHUB%20U8630"
"r0684","C8630+MT71E","Ecran interactif Maxhub 86'' V6 Classic Ser","MAXHUB","MAXHUB C8630+MT71E","https://www.google.com/search?tbm=isch&q=MAXHUB%20C8630%2BMT71E"
"r0685","T8630+MT71E","Ecran interactif Maxhub 86'' V6 Transcend S","MAXHUB","MAXHUB T8630+MT71E","https://www.google.com/search?tbm=isch&q=MAXHUB%20T8630%2BMT71E"
"r0690","ND75CMA","Ecran MAXHUB 75"" 4K UHD Android","MAXHUB","MAXHUB ND75CMA","https://www.google.com/search?tbm=isch&q=MAXHUB%20ND75CMA"
"r0692","ND86CMA","Ecran MAXHUB 86"" 4K UHD Android","MAXHUB","MAXHUB ND86CMA","https://www.google.com/search?tbm=isch&q=MAXHUB%20ND86CMA"
"r0695","VTH2421FB-P","Ecran VDP Dahua 7"" PoE VTH2421FB-P","Dahua Technology","Dahua Technology VTH2421FB-P","https://www.google.com/search?tbm=isch&q=Dahua%20Technology%20VTH2421FB-P"
"r0698","DHI-VTA2511G","Emergence Call Terminal DHI-VTA2511G","Dahua Technology","Dahua Technology DHI-VTA2511G","https://www.google.com/search?tbm=isch&q=Dahua%20Technology%20DHI-VTA2511G"
"r0702","DHI-HY-1711","Encoder Dahua (Centrale Adressable)","Dahua Technology","Dahua Technology DHI-HY-1711","https://www.google.com/search?tbm=isch&q=Dahua%20Technology%20DHI-HY-1711"
"r0704","LR1002","EoC Passive Converter LR1002","","LR1002","https://www.google.com/search?tbm=isch&q=LR1002"
"r0721","DHI-ARM310-W2(868)","Extenseur d’entrée sans fil DHI-ARM310-W2(8","Dahua Technology","Dahua Technology DHI-ARM310-W2(868)","https://www.google.com/search?tbm=isch&q=Dahua%20Technology%20DHI-ARM310-W2(868)"
"r0811","DHI-ARD323-W2(868)","ILS Dahua ARD323-W2","Dahua Technology","Dahua Technology DHI-ARD323-W2(868)","https://www.google.com/search?tbm=isch&q=Dahua%20Technology%20DHI-ARD323-W2(868)"
"r0819","DHI-HY-RI151","Indicateur d'action Dahua Adressable DHI-HY","Dahua Technology","Dahua Technology DHI-HY-RI151","https://www.google.com/search?tbm=isch&q=Dahua%20Technology%20DHI-HY-RI151"
"r0845","VTO2000A-E","IP Module Station extérieure de villa IP 2","Dahua Technology","Dahua Technology VTO2000A-E","https://www.google.com/search?tbm=isch&q=Dahua%20Technology%20VTO2000A-E"
"r0850","DHI-VTNS1060A-A","IP Power Supply & Switch pour VTH VTNS1060","Dahua Technology","Dahua Technology DHI-VTNS1060A-A","https://www.google.com/search?tbm=isch&q=Dahua%20Technology%20DHI-VTNS1060A-A"
"r0869","DH-PFA137","Junction box DH-PFA137","Dahua Technology","Dahua Technology DH-PFA137","https://www.google.com/search?tbm=isch&q=Dahua%20Technology%20DH-PFA137"
"r0872","KIT STARTER AJAX + Stre","Kit Ajax Starter avec Sirène Exterieur","Ajax Systems","Ajax Systems KIT STARTER AJAX + Stre","https://www.google.com/search?tbm=isch&q=Ajax%20Systems%20KIT%20STARTER%20AJAX%20%2B%20Stre"
"r0891","ASR1200E","Lecteur de control d'accès Card Dahua ASR12","Dahua Technology","Dahua Technology ASR1200E","https://www.google.com/search?tbm=isch&q=Dahua%20Technology%20ASR1200E"
"r0893","ASR1101M-V1","Lecteur de control d'accès Card/Password Da","","ASR1101M-V1","https://www.google.com/search?tbm=isch&q=ASR1101M-V1"
"r0896","DHI-ASI2201H-W","Lecteur de control d'accès Dahua Autonome (","Dahua Technology","Dahua Technology DHI-ASI2201H-W","https://www.google.com/search?tbm=isch&q=Dahua%20Technology%20DHI-ASI2201H-W"
"r0903","ASI3214A-W","Lecteur de contrôle d’accès Dahua avec Reco","Dahua Technology","Dahua Technology ASI3214A-W","https://www.google.com/search?tbm=isch&q=Dahua%20Technology%20ASI3214A-W"
"r0904","DHI-ASI6214S-PW","Lecteur de contrôle d’accès Dahua avec Reco","Dahua Technology","Dahua Technology DHI-ASI6214S-PW","https://www.google.com/search?tbm=isch&q=Dahua%20Technology%20DHI-ASI6214S-PW"
"r0913","-","LES GOULT 80*50 Legrand","","LES GOULT 80*50 Legrand","https://www.google.com/search?tbm=isch&q=LES%20GOULT%2080*50%20Legrand"
"r0943","UCP30","MAXHUB Camera PTZ Dual-eye Tracking 4K UC P","MAXHUB","MAXHUB UCP30","https://www.google.com/search?tbm=isch&q=MAXHUB%20UCP30"
"r0959","GV2712","MAXHUB Ecran LED 610*343","MAXHUB","MAXHUB GV2712","https://www.google.com/search?tbm=isch&q=MAXHUB%20GV2712"
"r0961","CM20","MAXHUB Omnidirictional Microphone","MAXHUB","MAXHUB CM20","https://www.google.com/search?tbm=isch&q=MAXHUB%20CM20"
"r0972","EST09","MAXHUB Support Mobile Ajustement Électrique","MAXHUB","MAXHUB EST09","https://www.google.com/search?tbm=isch&q=MAXHUB%20EST09"
"r0973","ST33M","MAXHUB Support Mobile ST33M","MAXHUB","MAXHUB ST33M","https://www.google.com/search?tbm=isch&q=MAXHUB%20ST33M"
"r0975","ST90","MAXHUB Support Mobile ST90","MAXHUB","MAXHUB ST90","https://www.google.com/search?tbm=isch&q=MAXHUB%20ST90"
"r0978","UC W31","MAXHUB Webcam UC W31","MAXHUB","MAXHUB UC W31","https://www.google.com/search?tbm=isch&q=MAXHUB%20UC%20W31"
"r0979","W20","MAXHUB Webcam W20","MAXHUB","MAXHUB W20","https://www.google.com/search?tbm=isch&q=MAXHUB%20W20"
"r0980","WT13M","MAXHUB Wireless BYOM Dongle WT13M","MAXHUB","MAXHUB WT13M","https://www.google.com/search?tbm=isch&q=MAXHUB%20WT13M"
"r0990","DHI-HY-MKDZ2","Module Base Adressable DHI-HY-MKDZ2","Dahua Technology","Dahua Technology DHI-HY-MKDZ2","https://www.google.com/search?tbm=isch&q=Dahua%20Technology%20DHI-HY-MKDZ2"
"r0995","DHI-HY-1431","Module isolateur Adressable Dahua DHI-HY-14","Dahua Technology","Dahua Technology DHI-HY-1431","https://www.google.com/search?tbm=isch&q=Dahua%20Technology%20DHI-HY-1431"
"r1007","SFP-SR-10G","Module SFP multimode 10G COMMANDO","","SFP-SR-10G","https://www.google.com/search?tbm=isch&q=SFP-SR-10G"
"r1009","CMD-MM-1G","Module SFP multimode 1G COMMANDO","","CMD-MM-1G","https://www.google.com/search?tbm=isch&q=CMD-MM-1G"
"r1021","DHI-VTH5422HW","Moniteur Dahua 7"" IP 2 Wire VTH5422HW-W","Dahua Technology","Dahua Technology DHI-VTH5422HW","https://www.google.com/search?tbm=isch&q=Dahua%20Technology%20DHI-VTH5422HW"
"r1026","DHI-LM55-F400","Moniteur LED 55"" DHI-LM55-F400","Dahua Technology","Dahua Technology DHI-LM55-F400","https://www.google.com/search?tbm=isch&q=Dahua%20Technology%20DHI-LM55-F400"
"r1047","DS-D2055UL-1B","Mur d'images Hikvision 55"" (09 Ecrans 3x3)","","DS-D2055UL-1B","https://www.google.com/search?tbm=isch&q=DS-D2055UL-1B"
"r1049","MZ-ILS800N","MZ-ILS800N","","MZ-ILS800N","https://www.google.com/search?tbm=isch&q=MZ-ILS800N"
"r1077","NVR DHI-NVR5424-24P-4KS","NVR Dahua 24 Channles avec 24 Ports PoE 4K","Dahua Technology","Dahua Technology NVR DHI-NVR5424-24P-4KS","https://www.google.com/search?tbm=isch&q=Dahua%20Technology%20NVR%20DHI-NVR5424-24P-4KS"
"r1081","NVR5232-EI","NVR Dahua 32 Channels Support 2HDD's 4K NVR","Dahua Technology","Dahua Technology NVR5232-EI","https://www.google.com/search?tbm=isch&q=Dahua%20Technology%20NVR5232-EI"
"r1086","NVR5864-EI","NVR Dahua 64 Channels 4K support 8HDD's NVR","Dahua Technology","Dahua Technology NVR5864-EI","https://www.google.com/search?tbm=isch&q=Dahua%20Technology%20NVR5864-EI"
"r1087","NVR5464-EI2","NVR Dahua 64 Channels Support 4HDD's 4K NVR","Dahua Technology","Dahua Technology NVR5464-EI2","https://www.google.com/search?tbm=isch&q=Dahua%20Technology%20NVR5464-EI2"
"r1124","DHI-SP-PI5B82IS","OPS Dahua Open Pluggable Specification DHI-","Dahua Technology","Dahua Technology DHI-SP-PI5B82IS","https://www.google.com/search?tbm=isch&q=Dahua%20Technology%20DHI-SP-PI5B82IS"
"r1164","DH-PFA106","Plaque d'adaptation PFA106","Dahua Technology","Dahua Technology DH-PFA106","https://www.google.com/search?tbm=isch&q=Dahua%20Technology%20DH-PFA106"
"r1167","VTO2000-7","PLATINE 7 BOUTONS INOX","Dahua Technology","Dahua Technology VTO2000-7","https://www.google.com/search?tbm=isch&q=Dahua%20Technology%20VTO2000-7"
"r1179","VTO3222E-P","Platine de rue Dahua IP 02 Wire ou PoE VTO3","Dahua Technology","Dahua Technology VTO3222E-P","https://www.google.com/search?tbm=isch&q=Dahua%20Technology%20VTO3222E-P"
"r1181","VTO3312Q-P","Platine de rue Dahua IP 4 Boutons PoE + 02","Dahua Technology","Dahua Technology VTO3312Q-P","https://www.google.com/search?tbm=isch&q=Dahua%20Technology%20VTO3312Q-P"
"r1187","VTO6521K-S2","Platine de Rue Dahua IP pour Appartements V","Dahua Technology","Dahua Technology VTO6521K-S2","https://www.google.com/search?tbm=isch&q=Dahua%20Technology%20VTO6521K-S2"
"r1192","VTO2000A-C-S1","Platine de Rue VTO2000A-C","Dahua Technology","Dahua Technology VTO2000A-C-S1","https://www.google.com/search?tbm=isch&q=Dahua%20Technology%20VTO2000A-C-S1"
"r1197","Loco5AC","Point Accès NanoStation AC loco","Ubiquiti","Ubiquiti Loco5AC","https://www.google.com/search?tbm=isch&q=Ubiquiti%20Loco5AC"
"r1203","U7-Outdoor","Point Accès Ubiquiti UniFi WiFi 7 U7-Outdoo","Ubiquiti","Ubiquiti U7-Outdoor","https://www.google.com/search?tbm=isch&q=Ubiquiti%20U7-Outdoor"
"r1205","U7-Pro","Point Accès Ubiquiti WiFi 7 U7-Pro","Ubiquiti","Ubiquiti U7-Pro","https://www.google.com/search?tbm=isch&q=Ubiquiti%20U7-Pro"
"r1238","DHI-HY-PSB10A","Power Supply Box Dahua with power supply ra","Dahua Technology","Dahua Technology DHI-HY-PSB10A","https://www.google.com/search?tbm=isch&q=Dahua%20Technology%20DHI-HY-PSB10A"
"r1322","DHI-DEE1010B","Relai d'Ouverture de Porte DHI-DEE1010B","Dahua Technology","Dahua Technology DHI-DEE1010B","https://www.google.com/search?tbm=isch&q=Dahua%20Technology%20DHI-DEE1010B"
"r1331","DHI-ARA43-W2(868)","Repeteur Dahua ARA43-W2","Dahua Technology","Dahua Technology DHI-ARA43-W2(868)","https://www.google.com/search?tbm=isch&q=Dahua%20Technology%20DHI-ARA43-W2(868)"
"r1374","LR1002-1EC","Single-Port Long Reach EoC Extender DH-LR10","Dahua Technology","Dahua Technology LR1002-1EC","https://www.google.com/search?tbm=isch&q=Dahua%20Technology%20LR1002-1EC"
"r1375","DH-LR1002-1ET","Single-Port Long Reach EoC Extender DH-LR10","Dahua Technology","Dahua Technology DH-LR1002-1ET","https://www.google.com/search?tbm=isch&q=Dahua%20Technology%20DH-LR1002-1ET"
"r1377","DHI-HY-C151","Sirène d'incendie conventionnel Dahua avec","Dahua Technology","Dahua Technology DHI-HY-C151","https://www.google.com/search?tbm=isch&q=Dahua%20Technology%20DHI-HY-C151"
"r1379","DHI-HY-C152","Sirène Extérieur conventionnel DHI-HY-C152","Dahua Technology","Dahua Technology DHI-HY-C152","https://www.google.com/search?tbm=isch&q=Dahua%20Technology%20DHI-HY-C152"
"r1380","DHI-ARA13-W2(868)","Sirène Extérieur Dahua ARA13-W2","Dahua Technology","Dahua Technology DHI-ARA13-W2(868)","https://www.google.com/search?tbm=isch&q=Dahua%20Technology%20DHI-ARA13-W2(868)"
"r1397","DHI-VTOF003","Socle DHI-VTOF003","Dahua Technology","Dahua Technology DHI-VTOF003","https://www.google.com/search?tbm=isch&q=Dahua%20Technology%20DHI-VTOF003"
"r1398","VTM116-01","Socle pour VTO6221E-P VTM116-01","Dahua Technology","Dahua Technology VTM116-01","https://www.google.com/search?tbm=isch&q=Dahua%20Technology%20VTM116-01"
"r1403","SOCLE VTO B 108","Socle VTO 2000 A VTO B 108","Dahua Technology","Dahua Technology SOCLE VTO B 108","https://www.google.com/search?tbm=isch&q=Dahua%20Technology%20SOCLE%20VTO%20B%20108"
"r1406","VTOB114","Socle VTOB114","Dahua Technology","Dahua Technology VTOB114","https://www.google.com/search?tbm=isch&q=Dahua%20Technology%20VTOB114"
"r1407","SO-FIL","SO-FIL SOURIS SANS FIL","","SO-FIL","https://www.google.com/search?tbm=isch&q=SO-FIL"
"r1430","support","support","","support","https://www.google.com/search?tbm=isch&q=support"
"r1434","DH-PFA101","Support Adaptateur de montage PFA101","Dahua Technology","Dahua Technology DH-PFA101","https://www.google.com/search?tbm=isch&q=Dahua%20Technology%20DH-PFA101"
"r1444","DH-PFA152-E","Support Dahua sur Pylon DH-PFA152-E","Dahua Technology","Dahua Technology DH-PFA152-E","https://www.google.com/search?tbm=isch&q=Dahua%20Technology%20DH-PFA152-E"
"r1449","DH-PFB121W","Support de fixation murale PFB121W","Dahua Technology","Dahua Technology DH-PFB121W","https://www.google.com/search?tbm=isch&q=Dahua%20Technology%20DH-PFB121W"
"r1453","LMB-280ZL","Support de fixation ZL pour ventouse ZK","","LMB-280ZL","https://www.google.com/search?tbm=isch&q=LMB-280ZL"
"r1456","-","Support de montage métallique rond","","Support de montage métallique rond","https://www.google.com/search?tbm=isch&q=Support%20de%20montage%20m%C3%A9tallique%20rond"
"r1464","PKC-MS1A","Support mobile Dahua pour ecran interactif","Dahua Technology","Dahua Technology PKC-MS1A","https://www.google.com/search?tbm=isch&q=Dahua%20Technology%20PKC-MS1A"
"r1467","ARA34E","Support mural pour détecteur Extérieur","","ARA34E","https://www.google.com/search?tbm=isch&q=ARA34E"
"r1468","DH-PFA100","Support PFA100","Dahua Technology","Dahua Technology DH-PFA100","https://www.google.com/search?tbm=isch&q=Dahua%20Technology%20DH-PFA100"
"r1479","PFA111","Support PTZ Mount Adapter PFA111","","PFA111","https://www.google.com/search?tbm=isch&q=PFA111"
"r1480","Supports pour caméras","Support rond pour camera","","Supports pour caméras","https://www.google.com/search?tbm=isch&q=Supports%20pour%20cam%C3%A9ras"
"r1484","-","Support TV","","Support TV","https://www.google.com/search?tbm=isch&q=Support%20TV"
"r1491","AL350PZ","Support Z Ventouse Magnétique 350KG","","AL350PZ","https://www.google.com/search?tbm=isch&q=AL350PZ"
"r1508","DHI-VTNS1001B-2","Switch Contrôleur pour VTH/VTO 2 Fil DHI-VT","Dahua Technology","Dahua Technology DHI-VTNS1001B-2","https://www.google.com/search?tbm=isch&q=Dahua%20Technology%20DHI-VTNS1001B-2"
"r1514","DH-IS4410-6GT-120","Switch Dahua 06 ports POE + 4 ports SFP DH-","Dahua Technology","Dahua Technology DH-IS4410-6GT-120","https://www.google.com/search?tbm=isch&q=Dahua%20Technology%20DH-IS4410-6GT-120"
"r1518","DH-IS4210-8GT-120","Switch Dahua 08 Ports PoE Industriel Gigabi","Dahua Technology","Dahua Technology DH-IS4210-8GT-120","https://www.google.com/search?tbm=isch&q=Dahua%20Technology%20DH-IS4210-8GT-120"
"r1519","DH-PFS4210-8GT-DP","Switch Dahua 08 Ports PoE Industriel Gigabi","Dahua Technology","Dahua Technology DH-PFS4210-8GT-DP","https://www.google.com/search?tbm=isch&q=Dahua%20Technology%20DH-PFS4210-8GT-DP"
"r1522","DH-CS4218-16ET-190","Switch Dahua 16 Ports PoE avec 02 Ports SFP","Dahua Technology","Dahua Technology DH-CS4218-16ET-190","https://www.google.com/search?tbm=isch&q=Dahua%20Technology%20DH-CS4218-16ET-190"
"r1523","DH-CS4220-16GT-190","Switch Dahua 16 Ports PoE Gigabit avec 02 p","Dahua Technology","Dahua Technology DH-CS4220-16GT-190","https://www.google.com/search?tbm=isch&q=Dahua%20Technology%20DH-CS4220-16GT-190"
"r1532","AS5500-48GF4XF","Switch Dahua d'aggregation 48 Ports SFP DH-","Dahua Technology","Dahua Technology AS5500-48GF4XF","https://www.google.com/search?tbm=isch&q=Dahua%20Technology%20AS5500-48GF4XF"
"r1546","DH-CS4006-4ET-60","Switch PoE Dahua 04 Ports PoE Cloud DH-CS40","Dahua Technology","Dahua Technology DH-CS4006-4ET-60","https://www.google.com/search?tbm=isch&q=Dahua%20Technology%20DH-CS4006-4ET-60"
"r1550","DH-CS4226-24ET-240","Switch PoE Dahua 24 Ports 240W DH-CS4226-24","Dahua Technology","Dahua Technology DH-CS4226-24ET-240","https://www.google.com/search?tbm=isch&q=Dahua%20Technology%20DH-CS4226-24ET-240"
"r1554","Switch PFS4428-24GT-370","Switch PoE Dahua 24 Ports PoE Gigabit, 04 P","Dahua Technology","Dahua Technology Switch PFS4428-24GT-370","https://www.google.com/search?tbm=isch&q=Dahua%20Technology%20Switch%20PFS4428-24GT-370"
"r1559","SWITCH PFS3110-8ET-96","Switch PoE Dahua 8 Ports + Port SFP DH-PFS3","Dahua Technology","Dahua Technology SWITCH PFS3110-8ET-96","https://www.google.com/search?tbm=isch&q=Dahua%20Technology%20SWITCH%20PFS3110-8ET-96"
"r1560","DHI-VTNS2003B-2-A","Switch pour VTH/VTO 2 Fil VTNS2003","Dahua Technology","Dahua Technology DHI-VTNS2003B-2-A","https://www.google.com/search?tbm=isch&q=Dahua%20Technology%20DHI-VTNS2003B-2-A"
"r1606","Transfo 12V 2A","TRANSFO 12V/2A","","Transfo 12V 2A","https://www.google.com/search?tbm=isch&q=Transfo%2012V%202A"
"r1607","TRANSFO 12V 5A","TRANSFO 12V/5A","","TRANSFO 12V 5A","https://www.google.com/search?tbm=isch&q=TRANSFO%2012V%205A"
"r1645","U7-PRO-WALL","U7-PRO-WALL - Ubiquiti Unifi U7 PRO WALL","Ubiquiti","Ubiquiti U7-PRO-WALL","https://www.google.com/search?tbm=isch&q=Ubiquiti%20U7-PRO-WALL"
"r1647","UACC-CM-RJ45-MG","UACC-CM-RJ45-MG -Module UACC-CM-RJ45-MG","","UACC-CM-RJ45-MG","https://www.google.com/search?tbm=isch&q=UACC-CM-RJ45-MG"
"r1652","UBIQUITI AMO-5G13","UBIQUITI Antenne Omni 5.0 Ghz 13 DBI AMO-5G","Ubiquiti","Ubiquiti UBIQUITI AMO-5G13","https://www.google.com/search?tbm=isch&q=Ubiquiti%20UBIQUITI%20AMO-5G13"
"r1656","UBIQUITI LOCO 5AC","UBIQUITI Point d'accès Emetteur & Récepteur","Ubiquiti","Ubiquiti UBIQUITI LOCO 5AC","https://www.google.com/search?tbm=isch&q=Ubiquiti%20UBIQUITI%20LOCO%205AC"
"r1662","UBIQUITI ROCKetM2","UBIQUITI Point d'accès Emetteur & Récepteur","Ubiquiti","Ubiquiti UBIQUITI ROCKetM2","https://www.google.com/search?tbm=isch&q=Ubiquiti%20UBIQUITI%20ROCKetM2"
"r1663","UBIQUITI ROCKetM5","UBIQUITI Point d'accès Emetteur & Récepteur","Ubiquiti","Ubiquiti UBIQUITI ROCKetM5","https://www.google.com/search?tbm=isch&q=Ubiquiti%20UBIQUITI%20ROCKetM5"
"r1666","UBIQUITI PBE-5AC-500","UBIQUITI Point d'accès Extérieur Power Beam","Ubiquiti","Ubiquiti UBIQUITI PBE-5AC-500","https://www.google.com/search?tbm=isch&q=Ubiquiti%20UBIQUITI%20PBE-5AC-500"
"r1677","UBIQUITI US-8-60W","UBIQUITI Switch 8 Ports PoE 60W US-8-60W","Ubiquiti","Ubiquiti UBIQUITI US-8-60W","https://www.google.com/search?tbm=isch&q=Ubiquiti%20UBIQUITI%20US-8-60W"
"r1683","USW-PRO-48-POE","Unifi Switch 48 ports Pro Gen2 USW-PRO-48-P","Ubiquiti","Ubiquiti USW-PRO-48-POE","https://www.google.com/search?tbm=isch&q=Ubiquiti%20USW-PRO-48-POE"
"r1689","USW-PRO-48","USW-PRO-48 - Unifi Switch 48 ports Pro Gen2","Ubiquiti","Ubiquiti USW-PRO-48","https://www.google.com/search?tbm=isch&q=Ubiquiti%20USW-PRO-48"
"r1698","LM3505","Ventouse électromagnétique 350KG ZKteco","","LM3505","https://www.google.com/search?tbm=isch&q=LM3505"
"r1710","VTM-134","VTM-134","","VTM-134","https://www.google.com/search?tbm=isch&q=VTM-134"
"r1717","VTOB113","VTOB113","Dahua Technology","Dahua Technology VTOB113","https://www.google.com/search?tbm=isch&q=Dahua%20Technology%20VTOB113"
