code,url
r0595,https://www.orbitadigital.com/339536-large_default/dahua-dh-hy-gc20b-detecteur-de-monoxyde-de-carbone.jpg
r0595,https://www.orbitadigital.com/339539-home_default/dahua-dh-hy-gc20b-detecteur-de-monoxyde-de-carbone.jpg
r0597,https://www.megateh.eu/files/products/01/87/32/dahua-hy-sa20a-standalone-smoke-alarm5.png
r0597,https://bydemes.com/ByDemesFiles/images/450px/DAHUA-3307.jpg
r0597,https://www.megaprecisioncorp.com/wp-content/uploads/2024/09/HY-SA20A.jpg
r0598,https://dahuach.b-cdn.net/wp-content/uploads/2025/01/DHI-HY-SA2FA-WiFi-Smoke-Alarm-06.webp
r0598,https://dahuach.b-cdn.net/wp-content/uploads/2025/01/DHI-HY-SA2FA-WiFi-Smoke-Alarm-05.webp
r0598,https://dahuach.b-cdn.net/wp-content/uploads/2025/01/DHI-HY-SA2FA-WiFi-Smoke-Alarm-13.webp
r0599,https://karayes.com/wp-content/uploads/2023/06/Detecteur-de-fumee-autonome-sans-fil-Dahua-HY-SA30A-R8-3.png
r0599,https://huvo.co.uk/wp-content/uploads/2025/02/Dahua-DHI-HY-SA30A-R8.jpg
r0066,https://www.sourcesecurity.com/img/products/400/pfm342-9ch.png
r0066,https://cdn.setik.biz/52240-thickbox_dm/9-channel-power-distribution-box-dc12v5a-dahua.jpg
r0553,https://www.megaprecisioncorp.com/wp-content/uploads/2024/05/Dahua-Heat-Detector-DHI-HY-C132.png
r0578,https://www.cctvpinoy.com/wp-content/uploads/2024/05/DHI-HY-TCDZ.jpg
r0578,https://cdn.tvc.mx/media/1696478/DAHUA-WISUALARM-DHI-HY-TCDZ-BASE-PARA-DETECTOR-DE-HUMO-IMAGEN-PRINCIPAL.png
r0596,https://dahua-technology.com.ua/image/cache/catalog/99-00012561-1-800x800.jpg
r0990,https://bmet-online.com/wp-content/uploads/DHI-HY-MKDZ2.jpg
r0990,https://secomworld.co.ke/wp-content/uploads/2024/10/DHI-HY-MKDZ2.jpeg
r0600,https://secomworld.co.ke/wp-content/uploads/2024/10/DHI-HY-TCDZ.jpeg
r0161,https://www.cctvpinoy.com/wp-content/uploads/2024/05/DHI-HY-SGDZ.jpg
r0161,https://secomworld.co.ke/wp-content/uploads/2024/10/DHI-HY-SGDZ.jpeg
r0505,https://bydemes.com/ByDemesFiles/images/DAHUA-4765.jpg
r0505,https://www.orbitadigital.com/368496-large_default/dahua-ecc02-controleur-d-ascenseur-wiegand-rs-485-tpc-ip-et-poe.jpg
r0702,https://alamancompany.iq/wp-content/uploads/2024/10/HY-1711.png
r0702,https://uzdahua.uz/uploads/posts/2024-10/dhi-hy-1711-350x350.webp
r0819,https://alarmplus.mk/wp-content/uploads/2025/12/Dahua-HY-RI151-Remote-Indicator.webp
r0819,https://www.sieuthivienthong.com/imgs/artnew/89070/p_89070_dahua-dhi-hy-ri151.jpg
r1238,https://www.stanificentglobal.com/wp-content/uploads/2025/08/Dahua-20way-Power-Supply-Box-With-Power-Supply-Box.jpg
r1322,https://www.sesdz.com/image/cache/catalog/dahua-dhi-dee1010b-extension4-400x400.png
r1322,https://collsam.com/wp-content/uploads/2021/05/Dahua_DH-DEE1010B_Access_Control_Extension_Module_Installation_Diagram-350x269.jpg
r0698,https://bydemes.com/ByDemesFiles/images/DAHUA-4392.jpg
r0896,https://bydemes.com/ByDemesFiles/images/450px/DAHUA-3168.jpg
r0903,https://www.hanbalitrading.com/wp-content/uploads/2025/03/DHI-ASI3214A-W.jpg
r0904,https://wcctv.co.za/wp-content/uploads/2024/11/DHI-ASI6214S-PW-e1732099084314.jpeg
r0904,https://bydemes.com/ByDemesFiles/images/DAHUA-4265.jpg
r1021,https://www.espace-domotique.fr/4476-home_default/dahua-vth5422hw-moniteur-video-ip-2-fils-blanc.jpg
r0721,https://www.securitywholesalers.com.au/wp-content/uploads/2024/10/DHI-ARM310-W2-Front.jpg
r1167,https://www.megateh.eu/files/products/00/06/44/vto2000a-k_2_800s-800x800.jpg
r1167,https://www.megateh.eu/files/products/00/05/85/dahua_vto200a-2_eu_estonia.jpg
r1179,https://bydemes.com/ByDemesFiles/images/DAHUA-4437.jpg
r1179,https://www.w3cam.fr/38569-large_default/dahua-vto3222e-p.jpg
r1181,https://eproma.lt/12621-large_default/doorbell-intercom-panel-vto3312q-p-2-wire-system-dahua.jpg
r1192,https://www.megateh.eu/files/products/00/25/88/vto2000a-c-2.jpg
r1192,https://www.megateh.eu/files/products/00/25/88/vto2000a-c-2_1.jpg
r1086,https://www.orbitadigital.com/340271-large_default/dhi-nvr5864-16p-ei.jpg
r1086,https://dahua-cameras.co.za/wp-content/uploads/2023/10/DHI-NVR5864-EI.jpg
r1087,https://makka.store/wp-content/uploads/2024/11/NVR5464-EI_1_thumb.png
r1026,https://www.ndm.dz/wp-content/uploads/2025/04/17345169582.png
r1124,https://www.odes.gr/storage/i3commerce/images/d/a/dahua_ops_dhi_sp_pi5b82is2.jpg
r1449,https://www.cctv101.co.uk/wp-content/uploads/2023/08/PFB121W2.png
r1449,https://infronttech.com.au/35137-large_default/dahua-wall-mount-bracket-dh-ac-pfb121w.jpg
r1479,https://infronttech.com.au/35156-medium_default/dahua-mount-adapter-dh-ac-pfa111.jpg
r1519,https://www.megateh.eu/files/products/00/30/76/thumbs/pfs4210-8gt-dp.png
r1523,https://www.napad.pl/data/katalog/produkty/duze/14990_dahua_cs4220_16gt_190_glowne_l_.jpg
r1532,https://www.ndm.dz/wp-content/uploads/2025/04/1741166254.png
r1546,https://delkatek.ee/wp-content/uploads/2025/07/cs4006_4gt_60_3p_2000-2000x2000-1.png
r1397,https://www.megateh.eu/files/products/00/46/03/vtof003-v2.png
r1397,https://www.dahua.market/image/cache/catalog/tovar/VTOF003-800x800.jpg
r1398,https://media.router-switch.com/media/catalog/product/cache/b90fceee6a5fa7acd36a04c7b968181c/d/a/dahua-vtm116-01.jpg
r1398,https://www.megateh.eu/files/products/00/29/45/vtm116-01.png
r1406,https://www.megateh.eu/files/products/00/06/24/dahua_vtob114_800s-600x600.jpg
r1406,https://www.megateh.eu/files/products/00/46/05/vtob114-v2.png
r1717,https://www.megateh.eu/files/products/00/06/23/dahua_vtob113_800s-600x600.jpg
r1717,https://www.megateh.eu/files/products/00/46/02/vtob113-v2.png
r1380,https://www.megateh.eu/files/products/01/86/39/dahua-ara13-w2868-wireless-outdoor-siren-blue-1.png
r1380,https://www.securitywholesalers.com.au/wp-content/uploads/2024/10/DHI-ARA13-W2-Orange-scaled.jpg
r1464,https://martcom.eu/assets/media/brands/dahua/PKC-MS1A_Dahua_Supporto-mobile-con-rotelle-per-whiteboard-interattiva-Dahua-da-86-98-argento_02.jpg
r0448,https://www.securitywholesalers.com.au/wp-content/uploads/2025/12/DH-PFB300C.png
r0298,https://www.ndm.dz/wp-content/uploads/2025/04/1734256289.png
r0298,https://www.ndm.dz/wp-content/uploads/2025/04/1734254498.png
r1197,https://dl.ui.com/qsg/MX/Loco5AC/image/1.png
r1203,https://cdn.ecomm.ui.com/products/62cc30b7-9559-480f-9668-b9edf40c0772/f2010c22-ff34-48e5-81f4-e7dad275d3c0.png
r1203,https://cdn.ecomm.ui.com/products/62cc30b7-9559-480f-9668-b9edf40c0772/d7e584ef-ba5d-4cbc-8855-457ef65ca6cd.png
r1205,https://cdn.ecomm.ui.com/products/a433b9e5-4dd1-4784-adf8-9d12bcba4c87/6928c733-0eb1-40d4-b39e-5d2fe6ca4647.png
r1645,https://cdn.ecomm.ui.com/products/7dacb4f6-b703-4154-9264-784f2eb0dbda/d7e2c2db-eef4-4b19-a7ae-746122c010db.png
r1662,https://www.ndm.dz/wp-content/uploads/2025/04/17348799402.png
r1663,https://www.ndm.dz/wp-content/uploads/2025/04/1734880099.png
r1683,https://cdn.ecomm.ui.com/products/6e019f0c-26b5-4fdf-b4e1-994abd9ce6e1/483da8b5-c584-4100-a4f2-18d11fa7187e.png
r1683,https://cdn.ecomm.ui.com/products/6e019f0c-26b5-4fdf-b4e1-994abd9ce6e1/8441cb41-3e78-4310-b447-ea3766b7155e.png
r1689,https://cdn.ecomm.ui.com/products/17a1db0a-a705-4ea0-b538-2972ca71615a/e5caa219-3faa-48a5-a4e1-d7eea81d738b.png
r0683,https://www.sauditk.com/wp-content/uploads/2024/12/Maxhub-U3-Series.webp
r0684,https://www.sauditk.com/wp-content/uploads/2023/11/V6-Classic.webp
r0684,https://www.sauditk.com/wp-content/uploads/2023/11/MAXHUB-V6-Classic-with-stand.webp
r0685,https://www.sauditk.com/wp-content/uploads/2023/11/Maxhub-V6-Transcend.webp
r0685,https://dms-ksa.com/wp-content/uploads/2023/05/T8630-4.png
r0943,https://www.sauditk.com/wp-content/uploads/2025/06/MAXHUB-UC-P30-Angle.webp
r0959,https://www.asit.it/wp-content/uploads/2024/02/GV27-series-pannelli-led.png
r0961,https://www.sauditk.com/wp-content/uploads/2024/12/MAXHUB-CM20-Omnidirectional-Microphone.webp
r0980,https://www.onedirect.fr/media/catalog/product/cache/aa0ba86914834d3bc3e1ab8fdcec579e/m/a/maxhub_wt13m_1.jpg
r0980,https://www.sauditk.com/wp-content/uploads/2024/08/WT13.webp
r0973,https://www.sauditk.com/wp-content/uploads/2022/12/MAXHUB-ST33.webp
r0975,https://www.sauditk.com/wp-content/uploads/2026/05/ST90-430x323.webp
r0636,https://rovision.eu/wp-content/uploads/2024/10/27797_img2627large-0.png
r0636,https://static.tweaktown.com/content/6/4/6403_03_seagate_surveillance_st4000vx000_4tb_hdd_review_full.jpg
r0640,https://www.unixcctv.com/wp-content/uploads/SkyHawk-3.5_6TB_Front_Hi-Res-scaled.jpg
r0642,https://regalsecurity.co.za/5692-large_default/seagate-8tb-hdd-exos-enterprise-hdd-used-with-hikvision-cvr-s-35-sas.jpg
r0643,https://beon.ge/images/detailed/71/HDD_Seagate_ST8000VX009_Seagate_SkyHawk_8TB_SATA_3.0_Low-RPM_spindle_speed.webp
r0647,https://www.islandco.com/image/cache/data/P04562-B21-HPE-800GB-SAS-12G-Write-Intensive-SFF-SSD-800x800_0_0.png
r0019,https://www.sesdz.com/image/cache/catalog/Safire-CR123A-ajax-3V4-500x500.png
r0032,https://www.w3cam.fr/33112-large_default/ajax-doorbell-jeweller-graphite.jpg
r0033,https://www.credexalarmsystems.eu/media/catalog/product/cache/4b2136075a459f450a6024ed3a8caba3/a/j/ajax-jeweller-lifequality-white.jpg
r0033,https://www.w3cam.fr/38426-large_default/ajax-lifequality-heatco2-jeweller-blanc.jpg
r0039,https://regalsecurity.co.za/8556-large_default/ajax-spacecontrol-white.jpg
r0532,https://www.luxritesecurity.com/user/products/large/101441%20-%20Ajax%20Curtain%20Oudoor%20Jeweller%20-%2001.jpg
r0567,https://www.megateh.eu/files/products/00/60/90/motioncam-outdoor-phod-4.jpg
r0567,https://stemar.co.za/wp-content/uploads/2025/03/Ajax-MotionCam-Outdoor-HighMount-Phod.jpg
r0872,https://www.megateh.eu/files/products/00/45/99/ajax-starterkit-plus00006.jpg
r0872,https://www.credexalarmsystems.eu/media/catalog/product/cache/4b2136075a459f450a6024ed3a8caba3/a/j/aj-hub2kit.jpg
r0471,https://www.orbitadigital.com/388989-large_default/dahua-asi1201m-mep-standalone-reader-dual-frequency-card.jpg
r0674,https://www.officeeasy.fr/media/pub/desc/Affichage-dynamique/dahua-uh-all-in-one-led-135-scale.webp
r0675,https://www.officeeasy.fr/media/pub/desc/Affichage-dynamique/dahua-uh-135.webp
r0676,https://www.officeeasy.fr/media/pub/desc/Affichage-dynamique/dahua-uh-135.webp
r1007,https://cloudswit.ch/wp-content/uploads/2024/08/SFP-10G-SR-MM-optical-transceiver-module-1.jpg
r1009,https://www.optcore.net/wp-content/uploads/OSP1250-8505DCR_SFP-1G-SX_main_web.jpg
r1047,https://assets.hikvision.com/prd/public/all/image/m000141681/3.png
r1647,https://blog.linitx.com/wp-content/uploads/2024/03/SFPto-RJ45-transceiver-module-review-linitx-blog.jpg
r1698,https://zktecoma.com/wp-content/uploads/2020/11/lm-350.jpg
r1698,https://www.zktech.dz/wp-content/uploads/2024/01/ZKTeco-LM.webp
r1606,https://binarysolutionbd.com/wp-content/uploads/2024/07/12v-2a-01-500x500-1.webp
r1607,https://www.megateh.eu/files/products/00/10/40/power_supply_12_v5a.jpg
r0002,https://mresmps.com/wp-content/uploads/2020/10/48v-1.25a-desktop-1-scaled-1.jpg
r0060,https://enviosecurity.com/wp-content/uploads/2023/04/ETPPA50VI4CH-1.png
r0072,https://sysracks.com/wp-content/uploads/2021/08/server-cabinet-2-1-1.png
r0132,https://upsbatterycenter.com/media/catalog/product/cache/1/image/650x/040ec09b1e35df139433887a97daa66f/d/a/dahua-dhb1222-battery.jpg
r0913,https://www.bestofelectricals.com/images/thumbs/0009577_legrand-010412-80mmx50mm-pvc-trunking_600.jpeg
r1491,https://www.securetech.com.ng/wp-content/uploads/2022/04/AL-350-PZ.jpg
r1453,https://www.almiriatechstore.co.ke/wp-content/uploads/2023/09/ZL-Bracket-LMB-280ZL.webp
r1467,https://www.bittel.bg/web/img/202407/37134/37413/0/dahua-ara34-e-detector-bracket-for-ard2251-e-series.png
r1710,https://cdn.tvc.mx/media/2006188/DAHUA-DHT0430100-VTM134-PRINCIPAL.png
r0811,https://www.megateh.eu/files/products/00/59/20/dahua-ard323-w2.jpg
r0811,https://www.securitywholesalers.com.au/wp-content/uploads/2024/10/DHI-ARD323-W2-Front.jpg
